{"cameraMode":{"drawMode":0,"name":"Shaded","section":"Shading Mode"},"sceneLighting":true,"audioPlay":false,"sceneViewState":{"m_AlwaysRefresh":false,"showFog":true,"showSkybox":true,"showFlares":true,"showImageEffects":true,"showParticleSystems":true,"showVisualEffectGraphs":true,"m_FxEnabled":true},"in2DMode":false,"pivot":{"x":-1.1035817861557007,"y":3.0151708126068117,"z":-2.7060532569885256},"rotation":{"x":-0.07910151779651642,"y":-0.014645973220467568,"z":-0.0011508079478517175,"w":0.9967814087867737},"size":4.831049919128418,"orthographic":false}